{
  "total_questions": 1521,
  "models": {
    "claude-opus-4-6": {
      "total_questions": 1520,
      "invalid_entries_skipped": 0,
      "S_acc": 0.49473684210526314,
      "A_acc": 0.39342105263157895,
      "C_acc": 0.6289473684210526,
      "acc": 0.5057017543859649,
      "3/3": 0.18881578947368421,
      "2/3": 0.31973684210526315,
      "1/3": 0.3111842105263158,
      "0/3": 0.18026315789473685,
      "error_source": {
        "A": {
          "total_errors": 922,
          "Early": {
            "count": 291,
            "pct": 0.3156
          },
          "Late": {
            "count": 235,
            "pct": 0.2549
          },
          "Wide": {
            "count": 396,
            "pct": 0.4295
          }
        },
        "C": {
          "total_errors": 564,
          "Reverse": {
            "count": 167,
            "pct": 0.2961
          },
          "Shuffle": {
            "count": 267,
            "pct": 0.4734
          },
          "Loop": {
            "count": 130,
            "pct": 0.2305
          }
        }
      }
    },
    "claude-sonnet-4-6": {
      "total_questions": 1521,
      "invalid_entries_skipped": 0,
      "S_acc": 0.556870479947403,
      "A_acc": 0.2879684418145957,
      "C_acc": 0.7094017094017094,
      "acc": 0.5180802103879028,
      "3/3": 0.1663379355687048,
      "2/3": 0.36028928336620647,
      "1/3": 0.3346482577251808,
      "0/3": 0.13872452333990795,
      "error_source": {
        "A": {
          "total_errors": 1083,
          "Early": {
            "count": 195,
            "pct": 0.1801
          },
          "Late": {
            "count": 371,
            "pct": 0.3426
          },
          "Wide": {
            "count": 517,
            "pct": 0.4774
          }
        },
        "C": {
          "total_errors": 442,
          "Reverse": {
            "count": 130,
            "pct": 0.2941
          },
          "Shuffle": {
            "count": 300,
            "pct": 0.6787
          },
          "Loop": {
            "count": 12,
            "pct": 0.0271
          }
        }
      }
    },
    "doubao-seed-1-8-251228-thinking": {
      "total_questions": 1521,
      "invalid_entries_skipped": 0,
      "S_acc": 0.9506903353057199,
      "A_acc": 0.7692307692307693,
      "C_acc": 0.9375410913872453,
      "acc": 0.8858207319745781,
      "3/3": 0.7080867850098619,
      "2/3": 0.24589086127547666,
      "1/3": 0.04142011834319527,
      "0/3": 0.0046022353714661405,
      "error_source": {
        "A": {
          "total_errors": 351,
          "Early": {
            "count": 29,
            "pct": 0.0826
          },
          "Late": {
            "count": 77,
            "pct": 0.2194
          },
          "Wide": {
            "count": 245,
            "pct": 0.698
          }
        },
        "C": {
          "total_errors": 95,
          "Reverse": {
            "count": 38,
            "pct": 0.4
          },
          "Shuffle": {
            "count": 22,
            "pct": 0.2316
          },
          "Loop": {
            "count": 35,
            "pct": 0.3684
          }
        }
      }
    },
    "doubao-seed-1-8-251228": {
      "total_questions": 1521,
      "invalid_entries_skipped": 0,
      "S_acc": 0.9625246548323472,
      "A_acc": 0.6193293885601578,
      "C_acc": 0.9211045364891519,
      "acc": 0.834319526627219,
      "3/3": 0.569362261669954,
      "2/3": 0.3708086785009862,
      "1/3": 0.05325443786982249,
      "0/3": 0.006574621959237344,
      "error_source": {
        "A": {
          "total_errors": 579,
          "Early": {
            "count": 26,
            "pct": 0.0449
          },
          "Late": {
            "count": 117,
            "pct": 0.2021
          },
          "Wide": {
            "count": 436,
            "pct": 0.753
          }
        },
        "C": {
          "total_errors": 120,
          "Reverse": {
            "count": 52,
            "pct": 0.4333
          },
          "Shuffle": {
            "count": 50,
            "pct": 0.4167
          },
          "Loop": {
            "count": 18,
            "pct": 0.15
          }
        }
      }
    },
    "gemini-2.5-flash": {
      "total_questions": 1521,
      "invalid_entries_skipped": 0,
      "S_acc": 0.821827744904668,
      "A_acc": 0.5982905982905983,
      "C_acc": 0.7481919789612097,
      "acc": 0.722770107385492,
      "3/3": 0.44049967126890205,
      "2/3": 0.34122287968441817,
      "1/3": 0.16436554898093358,
      "0/3": 0.05391190006574622,
      "error_source": {
        "A": {
          "total_errors": 611,
          "Early": {
            "count": 119,
            "pct": 0.1948
          },
          "Late": {
            "count": 232,
            "pct": 0.3797
          },
          "Wide": {
            "count": 260,
            "pct": 0.4255
          }
        },
        "C": {
          "total_errors": 383,
          "Reverse": {
            "count": 160,
            "pct": 0.4178
          },
          "Shuffle": {
            "count": 114,
            "pct": 0.2977
          },
          "Loop": {
            "count": 109,
            "pct": 0.2846
          }
        }
      }
    },
    "gemini-2.5-pro": {
      "total_questions": 1520,
      "invalid_entries_skipped": 0,
      "S_acc": 0.9032894736842105,
      "A_acc": 0.6666666666666666,
      "C_acc": 0.6778435239973701,
      "acc": 0.7492327926348092,
      "3/3": 0.4394736842105263,
      "2/3": 0.39539473684210524,
      "1/3": 0.1394736842105263,
      "0/3": 0.025657894736842105,
      "error_source": {
        "A": {
          "total_errors": 507,
          "Early": {
            "count": 129,
            "pct": 0.2544
          },
          "Late": {
            "count": 227,
            "pct": 0.4477
          },
          "Wide": {
            "count": 151,
            "pct": 0.2978
          }
        },
        "C": {
          "total_errors": 490,
          "Reverse": {
            "count": 67,
            "pct": 0.1367
          },
          "Shuffle": {
            "count": 292,
            "pct": 0.5959
          },
          "Loop": {
            "count": 131,
            "pct": 0.2673
          }
        }
      }
    },
    "qwen3.5-397b-a17b": {
      "total_questions": 1521,
      "invalid_entries_skipped": 0,
      "S_acc": 0.7593688362919132,
      "A_acc": 0.5062458908612755,
      "C_acc": 0.7823800131492439,
      "acc": 0.6826649134341441,
      "3/3": 0.3576594345825115,
      "2/3": 0.38724523339907957,
      "1/3": 0.20052596975673898,
      "0/3": 0.05456936226166995,
      "error_source": {
        "A": {
          "total_errors": 751,
          "Early": {
            "count": 222,
            "pct": 0.2956
          },
          "Late": {
            "count": 179,
            "pct": 0.2383
          },
          "Wide": {
            "count": 350,
            "pct": 0.466
          }
        },
        "C": {
          "total_errors": 331,
          "Reverse": {
            "count": 141,
            "pct": 0.426
          },
          "Shuffle": {
            "count": 128,
            "pct": 0.3867
          },
          "Loop": {
            "count": 62,
            "pct": 0.1873
          }
        }
      }
    },
    "seed-1.6": {
      "total_questions": 1504,
      "invalid_entries_skipped": 0,
      "S_acc": 0.6458885941644562,
      "A_acc": 0.17826375082836315,
      "C_acc": 0.5540092776673293,
      "acc": 0.4593460008837826,
      "3/3": 0.09375,
      "2/3": 0.37300531914893614,
      "1/3": 0.3497340425531915,
      "0/3": 0.18351063829787234,
      "error_source": {
        "A": {
          "total_errors": 1240,
          "Early": {
            "count": 183,
            "pct": 0.1476
          },
          "Late": {
            "count": 290,
            "pct": 0.2339
          },
          "Wide": {
            "count": 767,
            "pct": 0.6185
          }
        },