{
  "total_questions": 1521,
  "models": {
    "gemini-2.5-pro": {
      "total_questions": 1520,
      "S_acc": 0.9032894736842105,
      "A_acc": 0.6666666666666666,
      "C_acc": 0.6778435239973701,
      "acc": 0.7492327926348092,
      "3/3": 0.4394736842105263,
      "2/3": 0.39539473684210524,
      "1/3": 0.1394736842105263,
      "0/3": 0.025657894736842105,
      "error_source": {
        "A": {
          "total_errors": 507,
          "Early": {
            "count": 129,
            "pct": 0.2544
          },
          "Late": {
            "count": 227,
            "pct": 0.4477
          },
          "Wide": {
            "count": 151,
            "pct": 0.2978
          }
        },
        "C": {
          "total_errors": 490,
          "Reverse": {
            "count": 67,
            "pct": 0.1367
          },
          "Shuffle": {
            "count": 292,
            "pct": 0.5959
          },
          "Loop": {
            "count": 131,
            "pct": 0.2673
          }
        }
      }
    },
    "qwen3.5-397b-a17b": {
      "total_questions": 581,
      "S_acc": 0.7811993517017828,
      "A_acc": 0.560530679933665,
      "C_acc": 0.8155339805825242,
      "acc": 0.720348204570185,
      "3/3": 0.40619621342512907,
      "2/3": 0.3889845094664372,
      "1/3": 0.16523235800344235,
      "0/3": 0.039586919104991396,
      "error_source": {
        "A": {
          "total_errors": 265,
          "Early": {
            "count": 86,
            "pct": 0.3245
          },
          "Late": {
            "count": 48,
            "pct": 0.1811
          },
          "Wide": {
            "count": 131,
            "pct": 0.4943
          }
        },
        "C": {
          "total_errors": 114,
          "Reverse": {
            "count": 44,
            "pct": 0.386
          },
          "Shuffle": {
            "count": 50,
            "pct": 0.4386
          },
          "Loop": {
            "count": 20,
            "pct": 0.1754
          }
        }
      }
    },
    "seed-1.6": {
      "total_questions": 1504,
      "S_acc": 0.6458885941644562,
      "A_acc": 0.17826375082836315,
      "C_acc": 0.5540092776673293,
      "acc": 0.4593460008837826,
      "3/3": 0.09375,
      "2/3": 0.37300531914893614,
      "1/3": 0.3497340425531915,
      "0/3": 0.18351063829787234,
      "error_source": {
        "A": {
          "total_errors": 1240,
          "Early": {
            "count": 183,
            "pct": 0.1476
          },
          "Late": {
            "count": 290,
            "pct": 0.2339
          },
          "Wide": {
            "count": 767,
            "pct": 0.6185
          }
        },
        "C": {
          "total_errors": 673,
          "Reverse": {
            "count": 263,
            "pct": 0.3908
          },
          "Shuffle": {
            "count": 393,
            "pct": 0.584
          },
          "Loop": {
            "count": 17,
            "pct": 0.0253
          }
        }
      }
    },
    "vllm-OpenGVLab_InternVL3-8B": {
      "total_questions": 1521,
      "S_acc": 0.2518080210387903,
      "A_acc": 0.24589086127547666,
      "C_acc": 0.2596975673898751,
      "acc": 0.252465483234714,
      "3/3": 0.014464168310322156,
      "2/3": 0.1433267587113741,
      "1/3": 0.42735042735042733,
      "0/3": 0.4148586456278764,
      "error_source": {
        "A": {
          "total_errors": 1147,
          "Early": {
            "count": 383,
            "pct": 0.3339
          },
          "Late": {
            "count": 389,
            "pct": 0.3391
          },
          "Wide": {
            "count": 375,
            "pct": 0.3269
          }
        },
        "C": {
          "total_errors": 1126,
          "Reverse": {
            "count": 376,
            "pct": 0.3339
          },
          "Shuffle": {
            "count": 385,
            "pct": 0.3419
          },
          "Loop": {
            "count": 365,
            "pct": 0.3242
          }
        }
      }
    },
    "vllm-Qwen_Qwen3-VL-4B-Thinking": {
      "total_questions": 1521,
      "S_acc": 0.2781065088757396,
      "A_acc": 0.2485207100591716,
      "C_acc": 0.2294543063773833,
      "acc": 0.25202717510409817,
      "3/3": 0.01643655489809336,
      "2/3": 0.1393819855358317,
      "1/3": 0.4280078895463511,
      "0/3": 0.4161735700197239,
      "error_source": {
        "A": {
          "total_errors": 1143,
          "Early": {
            "count": 405,
            "pct": 0.3543
          },
          "Late": {
            "count": 372,
            "pct": 0.3255
          },
          "Wide": {
            "count": 366,
            "pct": 0.3202
          }
        },
        "C": {
          "total_errors": 1172,
          "Reverse": {
            "count": 368,
            "pct": 0.314
          },
          "Shuffle": {
            "count": 395,
            "pct": 0.337
          },
          "Loop": {
            "count": 409,
            "pct": 0.349
          }
        }
      }
    },
    "vllm-Qwen_Qwen3-VL-8B-Thinking": {
      "total_questions": 1521,
      "S_acc": 0.2465483234714004,
      "A_acc": 0.25378040762656146,
      "C_acc": 0.24589086127547666,
      "acc": 0.24873986412447951,
      "3/3": 0.01643655489809336,
      "2/3": 0.13806706114398423,
      "1/3": 0.42077580539119,
      "0/3": 0.4247205785667324,
      "error_source": {
        "A": {
          "total_errors": 1135,
          "Early": {
            "count": 354,
            "pct": 0.3119
          },
          "Late": {
            "count": 384,
            "pct": 0.3383
          },
          "Wide": {
            "count": 397,
            "pct": 0.3498
          }
        },
        "C": {
          "total_errors": 1147,
          "Reverse": {
            "count": 386,
            "pct": 0.3365
          },
          "Shuffle": {
            "count": 374,
            "pct": 0.3261
          },
          "Loop": {
            "count": 387,
            "pct": 0.3374
          }
        }
      }
    },
    "vllm-XiaomiMiMo_MiMo-VL-7B-RL": {
      "total_questions": 1521,
      "S_acc": 0.2084155161078238,
      "A_acc": 0.2373438527284681,
      "C_acc": 0.2879684418145957,
      "acc": 0.2445759368836292,
      "3/3": 0.027613412228796843,
      "2/3": 0.1393819855358317,
      "1/3": 0.37212360289283364,
      "0/3": 0.4608809993425378,
      "error_source": {
        "A": {
          "total_errors": 1160,
          "Early": {
            "count": 437,
            "pct": 0.3767
          },
          "Late": {
            "count": 312,
            "pct": 0.269
          },
          "Wide": {
            "count": 411,
            "pct": 0.3543
          }
        },
        "C": {
          "total_errors": 1083,
          "Reverse": {
            "count": 506,
            "pct": 0.4672
          },
          "Shuffle": {
            "count": 348,
            "pct": 0.3213
          },
          "Loop": {
            "count": 229,
            "pct": 0.2114
          }
        }
      }
    }
  }
}