{
  "total_questions": 1521,
  "models": {
    "vllm-Qwen_Qwen3-VL-4B-Thinking": {
      "total_questions": 1521,
      "S_acc": 0.25443786982248523,
      "A_acc": 0.2511505588428665,
      "C_acc": 0.23800131492439186,
      "acc": 0.24786324786324787,
      "3/3": 0.014464168310322156,
      "2/3": 0.14069690992767916,
      "1/3": 0.4188034188034188,
      "0/3": 0.4260355029585799,
      "error_source": {
        "A": {
          "total_errors": 1139,
          "Early": {
            "count": 378,
            "pct": 0.3319
          },
          "Late": {
            "count": 396,
            "pct": 0.3477
          },
          "Wide": {
            "count": 365,
            "pct": 0.3205
          }
        },
        "C": {
          "total_errors": 1159,
          "Reverse": {
            "count": 359,
            "pct": 0.3097
          },
          "Shuffle": {
            "count": 414,
            "pct": 0.3572
          },
          "Loop": {
            "count": 386,
            "pct": 0.333
          }
        }
      }
    },
    "vllm-Qwen_Qwen3-VL-8B-Thinking": {
      "total_questions": 1394,
      "S_acc": 0.2460545193687231,
      "A_acc": 0.25591397849462366,
      "C_acc": 0.25949820788530464,
      "acc": 0.2538240917782027,
      "3/3": 0.02080344332855093,
      "2/3": 0.13773314203730272,
      "1/3": 0.4232424677187948,
      "0/3": 0.4182209469153515,
      "error_source": {
        "A": {
          "total_errors": 1038,
          "Early": {
            "count": 339,
            "pct": 0.3266
          },
          "Late": {
            "count": 326,
            "pct": 0.3141
          },
          "Wide": {
            "count": 373,
            "pct": 0.3593
          }
        },
        "C": {
          "total_errors": 1033,
          "Reverse": {
            "count": 349,
            "pct": 0.3379
          },
          "Shuffle": {
            "count": 351,
            "pct": 0.3398
          },
          "Loop": {
            "count": 333,
            "pct": 0.3224
          }
        }
      }
    }
  }
}