{
  "total_questions": 1521,
  "models": {
    "gemini-2.5-pro": {
      "total_questions": 1520,
      "S_acc": 0.9032894736842105,
      "A_acc": 0.6666666666666666,
      "C_acc": 0.6778435239973701,
      "acc": 0.7492327926348092,
      "3/3": 0.4394736842105263,
      "2/3": 0.39539473684210524,
      "1/3": 0.1394736842105263,
      "0/3": 0.025657894736842105,
      "error_source": {
        "A": {
          "total_errors": 507,
          "Early": {
            "count": 129,
            "pct": 0.2544
          },
          "Late": {
            "count": 227,
            "pct": 0.4477
          },
          "Wide": {
            "count": 151,
            "pct": 0.2978
          }
        },
        "C": {
          "total_errors": 490,
          "Reverse": {
            "count": 67,
            "pct": 0.1367
          },
          "Shuffle": {
            "count": 292,
            "pct": 0.5959
          },
          "Loop": {
            "count": 131,
            "pct": 0.2673
          }
        }
      }
    },
    "hf-LanguageBind_Video-LLaVA-7B-hf": {
      "total_questions": 1,
      "S_acc": 0.0,
      "A_acc": 0.0,
      "C_acc": 0.0,
      "acc": 0.0,
      "3/3": 0.0,
      "2/3": 0.0,
      "1/3": 0.0,
      "0/3": 1.0,
      "error_source": {
        "A": {
          "total_errors": 0
        },
        "C": {
          "total_errors": 0
        }
      }
    },
    "qwen3.5-397b-a17b": {
      "total_questions": 581,
      "S_acc": 0.7811993517017828,
      "A_acc": 0.560530679933665,
      "C_acc": 0.8155339805825242,
      "acc": 0.720348204570185,
      "3/3": 0.40619621342512907,
      "2/3": 0.3889845094664372,
      "1/3": 0.16523235800344235,
      "0/3": 0.039586919104991396,
      "error_source": {
        "A": {
          "total_errors": 265,
          "Early": {
            "count": 86,
            "pct": 0.3245
          },
          "Late": {
            "count": 48,
            "pct": 0.1811
          },
          "Wide": {
            "count": 131,
            "pct": 0.4943
          }
        },
        "C": {
          "total_errors": 114,
          "Reverse": {
            "count": 44,
            "pct": 0.386
          },
          "Shuffle": {
            "count": 50,
            "pct": 0.4386
          },
          "Loop": {
            "count": 20,
            "pct": 0.1754
          }
        }
      }
    },
    "seed-1.6": {
      "total_questions": 1504,
      "S_acc": 0.6458885941644562,
      "A_acc": 0.17826375082836315,
      "C_acc": 0.5540092776673293,
      "acc": 0.4593460008837826,
      "3/3": 0.09375,
      "2/3": 0.37300531914893614,
      "1/3": 0.3497340425531915,
      "0/3": 0.18351063829787234,
      "error_source": {
        "A": {
          "total_errors": 1240,
          "Early": {
            "count": 183,
            "pct": 0.1476
          },
          "Late": {
            "count": 290,
            "pct": 0.2339
          },
          "Wide": {
            "count": 767,
            "pct": 0.6185
          }
        },
        "C": {
          "total_errors": 673,
          "Reverse": {
            "count": 263,
            "pct": 0.3908
          },
          "Shuffle": {
            "count": 393,
            "pct": 0.584
          },
          "Loop": {
            "count": 17,
            "pct": 0.0253
          }
        }
      }
    },
    "vllm-OpenGVLab_InternVL3-38B": {
      "total_questions": 1521,
      "S_acc": 0.30309007232084156,
      "A_acc": 0.20118343195266272,
      "C_acc": 0.32807363576594345,
      "acc": 0.2774490466798159,
      "3/3": 0.029585798816568046,
      "2/3": 0.18277449046679817,
      "1/3": 0.3780407626561473,
      "0/3": 0.4095989480604865,
      "error_source": {
        "A": {
          "total_errors": 1215,
          "Early": {
            "count": 201,
            "pct": 0.1654
          },
          "Late": {
            "count": 460,
            "pct": 0.3786
          },
          "Wide": {
            "count": 554,
            "pct": 0.456
          }
        },
        "C": {
          "total_errors": 1022,
          "Reverse": {
            "count": 501,
            "pct": 0.4902
          },
          "Shuffle": {
            "count": 319,
            "pct": 0.3121
          },
          "Loop": {
            "count": 202,
            "pct": 0.1977
          }
        }
      }
    },
    "vllm-OpenGVLab_InternVL3-8B": {
      "total_questions": 1521,
      "S_acc": 0.2518080210387903,
      "A_acc": 0.24589086127547666,
      "C_acc": 0.2596975673898751,
      "acc": 0.252465483234714,
      "3/3": 0.014464168310322156,
      "2/3": 0.1433267587113741,
      "1/3": 0.42735042735042733,
      "0/3": 0.4148586456278764,
      "error_source": {
        "A": {
          "total_errors": 1147,
          "Early": {
            "count": 383,
            "pct": 0.3339
          },
          "Late": {
            "count": 389,
            "pct": 0.3391
          },
          "Wide": {
            "count": 375,
            "pct": 0.3269
          }
        },
        "C": {
          "total_errors": 1126,
          "Reverse": {
            "count": 376,
            "pct": 0.3339
          },
          "Shuffle": {
            "count": 385,
            "pct": 0.3419
          },
          "Loop": {
            "count": 365,
            "pct": 0.3242
          }
        }
      }
    },
    "vllm-OpenGVLab_InternVL3_5-8B-HF": {
      "total_questions": 1521,
      "S_acc": 0.26298487836949375,
      "A_acc": 0.28336620644312954,
      "C_acc": 0.29520052596975677,
      "acc": 0.2805172035941267,
      "3/3": 0.0381328073635766,
      "2/3": 0.16370808678500987,
      "1/3": 0.3997370151216305,
      "0/3": 0.398422090729783,
      "error_source": {
        "A": {
          "total_errors": 1090,
          "Early": {
            "count": 337,
            "pct": 0.3092
          },
          "Late": {
            "count": 377,
            "pct": 0.3459
          },
          "Wide": {
            "count": 376,
            "pct": 0.345
          }
        },
        "C": {
          "total_errors": 1072,
          "Reverse": {
            "count": 417,
            "pct": 0.389
          },
          "Shuffle": {
            "count": 346,
            "pct": 0.3228
          },
          "Loop": {
            "count": 309,
            "pct": 0.2882
          }
        }
      }
    },
    "vllm-Qwen_Qwen3-VL-32B-Thinking": {
      "total_questions": 1521,
      "S_acc": 0.2695595003287311,
      "A_acc": 0.2504930966469428,
      "C_acc": 0.2603550295857988,
      "acc": 0.2601358755204909,
      "3/3": 0.0190664036817883,
      "2/3": 0.14398422090729784,
      "1/3": 0.4352399737015122,
      "0/3": 0.4017094017094017,
      "error_source": {
        "A": {
          "total_errors": 1140,
          "Early": {
            "count": 375,
            "pct": 0.3289
          },
          "Late": {
            "count": 382,
            "pct": 0.3351
          },
          "Wide": {
            "count": 383,
            "pct": 0.336
          }
        },
        "C": {
          "total_errors": 1125,
          "Reverse": {
            "count": 399,
            "pct": 0.3547
          },
          "Shuffle": {
            "count": 364,
            "pct": 0.3236
          },
          "Loop": {
            "count": 362,
            "pct": 0.3218
          }
        }
      }
    },
    "vllm-Qwen_Qwen3-VL-4B-Thinking": {
      "total_questions": 1521,
      "S_acc": 0.2781065088757396,
      "A_acc": 0.2485207100591716,
      "C_acc": 0.2294543063773833,
      "acc": 0.25202717510409817,
      "3/3": 0.01643655489809336,
      "2/3": 0.1393819855358317,
      "1/3": 0.4280078895463511,
      "0/3": 0.4161735700197239,
      "error_source": {
        "A": {
          "total_errors": 1143,
          "Early": {
            "count": 405,
            "pct": 0.3543
          },
          "Late": {
            "count": 372,