{
  "total_questions": 0,
  "models": {
    "claude-opus-4-6": {
      "total_questions": 1520,
      "invalid_entries_skipped": 0,
      "S_acc": 0.49473684210526314,
      "A_acc": 0.39342105263157895,
      "C_acc": 0.6289473684210526,
      "acc": 0.5057017543859649,
      "3/3": 0.18881578947368421,
      "2/3": 0.31973684210526315,
      "1/3": 0.3111842105263158,
      "0/3": 0.18026315789473685,
      "error_source": {
        "A": {
          "total_errors": 922,
          "Early": {
            "count": 291,
            "pct": 0.3156
          },
          "Late": {
            "count": 235,
            "pct": 0.2549
          },
          "Wide": {
            "count": 396,
            "pct": 0.4295
          }
        },
        "C": {
          "total_errors": 564,
          "Reverse": {
            "count": 167,
            "pct": 0.2961
          },
          "Shuffle": {
            "count": 267,
            "pct": 0.4734
          },
          "Loop": {
            "count": 130,
            "pct": 0.2305
          }
        }
      }
    },
    "claude-sonnet-4-6": {
      "total_questions": 1521,
      "invalid_entries_skipped": 0,
      "S_acc": 0.556870479947403,
      "A_acc": 0.2879684418145957,
      "C_acc": 0.7094017094017094,
      "acc": 0.5180802103879028,
      "3/3": 0.1663379355687048,
      "2/3": 0.36028928336620647,
      "1/3": 0.3346482577251808,
      "0/3": 0.13872452333990795,
      "error_source": {
        "A": {
          "total_errors": 1083,
          "Early": {
            "count": 195,
            "pct": 0.1801
          },
          "Late": {
            "count": 371,
            "pct": 0.3426
          },
          "Wide": {
            "count": 517,
            "pct": 0.4774
          }
        },
        "C": {
          "total_errors": 442,
          "Reverse": {
            "count": 130,
            "pct": 0.2941
          },
          "Shuffle": {
            "count": 300,
            "pct": 0.6787
          },
          "Loop": {
            "count": 12,
            "pct": 0.0271
          }
        }
      }
    },
    "gemini-2.5-flash": {
      "total_questions": 1521,
      "invalid_entries_skipped": 0,
      "S_acc": 0.821827744904668,
      "A_acc": 0.5982905982905983,
      "C_acc": 0.7481919789612097,
      "acc": 0.722770107385492,
      "3/3": 0.44049967126890205,
      "2/3": 0.34122287968441817,
      "1/3": 0.16436554898093358,
      "0/3": 0.05391190006574622,
      "error_source": {
        "A": {
          "total_errors": 611,
          "Early": {
            "count": 119,
            "pct": 0.1948
          },
          "Late": {
            "count": 232,
            "pct": 0.3797
          },
          "Wide": {
            "count": 260,
            "pct": 0.4255
          }
        },
        "C": {
          "total_errors": 383,
          "Reverse": {
            "count": 160,
            "pct": 0.4178
          },
          "Shuffle": {
            "count": 114,
            "pct": 0.2977
          },
          "Loop": {
            "count": 109,
            "pct": 0.2846
          }
        }
      }
    },
    "gemini-2.5-pro": {
      "total_questions": 1520,
      "invalid_entries_skipped": 0,
      "S_acc": 0.9032894736842105,
      "A_acc": 0.6666666666666666,
      "C_acc": 0.6778435239973701,
      "acc": 0.7492327926348092,
      "3/3": 0.4394736842105263,
      "2/3": 0.39539473684210524,
      "1/3": 0.1394736842105263,
      "0/3": 0.025657894736842105,
      "error_source": {
        "A": {
          "total_errors": 507,
          "Early": {
            "count": 129,
            "pct": 0.2544
          },
          "Late": {
            "count": 227,
            "pct": 0.4477
          },
          "Wide": {
            "count": 151,
            "pct": 0.2978
          }
        },
        "C": {
          "total_errors": 490,
          "Reverse": {
            "count": 67,
            "pct": 0.1367
          },
          "Shuffle": {
            "count": 292,
            "pct": 0.5959
          },
          "Loop": {
            "count": 131,
            "pct": 0.2673
          }
        }
      }
    },
    "gemini-3-flash-preview": {
      "total_questions": 1521,
      "invalid_entries_skipped": 0,
      "S_acc": 0.6107823800131492,
      "A_acc": 0.40368178829717294,
      "C_acc": 0.4812623274161736,
      "acc": 0.4985754985754986,
      "3/3": 0.15910585141354372,
      "2/3": 0.336620644312952,
      "1/3": 0.34516765285996054,
      "0/3": 0.15910585141354372,
      "error_source": {
        "A": {
          "total_errors": 907,
          "Early": {
            "count": 261,
            "pct": 0.2878
          },
          "Late": {
            "count": 382,
            "pct": 0.4212
          },
          "Wide": {
            "count": 264,
            "pct": 0.2911
          }
        },
        "C": {
          "total_errors": 789,
          "Reverse": {
            "count": 279,
            "pct": 0.3536
          },
          "Shuffle": {
            "count": 319,
            "pct": 0.4043
          },
          "Loop": {
            "count": 191,
            "pct": 0.2421
          }
        }
      }
    },
    "gpt-5.4": {
      "total_questions": 1521,
      "invalid_entries_skipped": 0,
      "S_acc": 0.6811308349769888,
      "A_acc": 0.37409598948060485,
      "C_acc": 0.6515450361604208,
      "acc": 0.5689239535393381,
      "3/3": 0.21170282708744248,
      "2/3": 0.3898750821827745,
      "1/3": 0.29191321499013806,
      "0/3": 0.10650887573964497,
      "error_source": {
        "A": {
          "total_errors": 952,
          "Early": {
            "count": 160,
            "pct": 0.1681
          },
          "Late": {
            "count": 267,
            "pct": 0.2805
          },
          "Wide": {
            "count": 525,
            "pct": 0.5515
          }
        },
        "C": {
          "total_errors": 530,
          "Reverse": {
            "count": 356,
            "pct": 0.6717
          },
          "Shuffle": {
            "count": 111,
            "pct": 0.2094
          },
          "Loop": {
            "count": 63,
            "pct": 0.1189
          }
        }
      }
    },
    "grok-4.1": {
      "total_questions": 1521,
      "invalid_entries_skipped": 0,
      "S_acc": 0.24523339907955294,
      "A_acc": 0.2406311637080868,
      "C_acc": 0.2373438527284681,
      "acc": 0.24106947183870261,
      "3/3": 0.007232084155161078,
      "2/3": 0.1334648257725181,
      "1/3": 0.4345825115055884,
      "0/3": 0.4247205785667324,
      "error_source": {
        "A": {
          "total_errors": 1155,
          "Early": {
            "count": 374,
            "pct": 0.3238
          },
          "Late": {
            "count": 391,
            "pct": 0.3385
          },
          "Wide": {
            "count": 390,
            "pct": 0.3377
          }
        },
        "C": {
          "total_errors": 1160,
          "Reverse": {
            "count": 378,
            "pct": 0.3259
          },
          "Shuffle": {
            "count": 372,
            "pct": 0.3207
          },
          "Loop": {
            "count": 410,
            "pct": 0.3534
          }
        }
      }
    },
    "kimi-k2.5": {
      "total_questions": 1521,
      "invalid_entries_skipped": 0,
      "S_acc": 0.7126890203813281,
      "A_acc": 0.41946088099934253,
      "C_acc": 0.6502301117685733,
      "acc": 0.5941266710497479,
      "3/3": 0.25509533201840895,
      "2/3": 0.3727810650887574,
      "1/3": 0.2715318869165023,
      "0/3": 0.10059171597633136,
      "error_source": {
        "A": {
          "total_errors": 883,
          "Early": {
            "count": 125,
            "pct": 0.1416
          },
          "Late": {
            "count": 311,
            "pct": 0.3522
          },
          "Wide": {
            "count": 447,
            "pct": 0.5062
          }
        },
        "C": {
          "total_errors": 532,